timestamp,open,high,low,close,volume
2023-01-02 00:00:00+00:00,99.85466208028272,100.62824602861501,99.29912416582742,100.0715017343405,1474844.0
2023-01-03 00:00:00+00:00,99.99674349610612,100.95736494795364,99.5428909833344,100.50122276876348,768847.0
2023-01-04 00:00:00+00:00,100.96066718884093,101.46426756637777,99.74128396081728,100.24129605407326,1343531.0
2023-01-05 00:00:00+00:00,100.22734463391025,101.22819072831247,98.25412032153629,99.24515854247663,910458.0
2023-01-06 00:00:00+00:00,99.197798035284,99.32030328237894,98.65228214899773,98.77426434921168,825356.0
2023-01-09 00:00:00+00:00,98.8794901143155,99.09083019893535,97.46542428667429,97.67418821921032,1026000.0
2023-01-10 00:00:00+00:00,97.81261666846868,98.78011714826589,96.84565746150957,97.81315264275445,947824.0
2023-01-11 00:00:00+00:00,97.59551264653561,100.15227086474236,96.92467856464302,99.46856215965859,781240.0
2023-01-12 00:00:00+00:00,99.42735912329049,100.00680027879984,98.37535606490539,98.95202708806718,670768.0
2023-01-13 00:00:00+00:00,99.13392458078609,99.5245608210006,97.89947479569533,98.28677284294349,790157.0
2023-01-16 00:00:00+00:00,98.33983009800585,99.62458171614784,97.65484184073993,98.93544469227815,1437764.0
2023-01-17 00:00:00+00:00,98.9595787904611,99.77139430329558,98.61943512983541,99.4296349665485,1633365.0
2023-01-18 00:00:00+00:00,99.73914652286456,100.78061948263198,98.58492022553112,99.62520339482062,1176483.0
2023-01-19 00:00:00+00:00,99.4902483862451,100.4915616883869,97.59576847393672,98.58800116608893,1345117.0
2023-01-20 00:00:00+00:00,98.60431802101117,99.07019345368933,98.15661894794741,98.62241222642427,878791.0
2023-01-23 00:00:00+00:00,98.51988667483542,99.64470115077232,98.39481596127784,99.51836287454306,980897.0
2023-01-24 00:00:00+00:00,99.81543144862428,100.88987921942834,96.93967754334456,97.99452444236636,1073250.0
2023-01-25 00:00:00+00:00,97.61272687955189,98.03103545881065,97.10818017402285,97.52611759875741,763133.0
2023-01-26 00:00:00+00:00,97.39549252002013,98.1966319728253,94.6083646278399,95.39303258266328,780761.0
2023-01-27 00:00:00+00:00,95.29213020987123,96.28695248851454,93.01274272983473,93.99401304067798,1024592.0
2023-01-30 00:00:00+00:00,94.11883334956669,95.03950198746483,91.10385594348989,92.00383571474669,923046.0
2023-01-31 00:00:00+00:00,92.11546271638707,93.0815246741158,90.84604697562622,91.80889378825162,766524.0
2023-02-01 00:00:00+00:00,92.06543402856934,92.65285559611527,89.9090762817826,90.48642300265232,1101456.0
2023-02-02 00:00:00+00:00,90.20201370392773,91.77756535774415,89.2760700475538,90.84502108810307,936300.0
2023-02-03 00:00:00+00:00,90.98147730550903,91.63289791553476,90.42897257276194,91.07979612048224,1290899.0
2023-02-06 00:00:00+00:00,91.02638804503539,91.38157255213731,90.5845078858548,90.9393527817985,998706.0
2023-02-07 00:00:00+00:00,90.8183702721346,91.38967519798472,87.74029111761156,88.29572702368425,927672.0
2023-02-08 00:00:00+00:00,88.39106164586124,88.8055569276877,87.37655837565592,87.78822676288397,1032433.0
2023-02-09 00:00:00+00:00,87.6268204800602,88.62728243591334,86.7997446557841,87.79858538878914,957915.0
2023-02-10 00:00:00+00:00,87.43464169298075,88.8724984333679,86.54728523347316,87.97961118888695,846190.0
2023-02-13 00:00:00+00:00,87.91449194279025,88.13892361011736,86.21872340454692,86.43938937042391,904395.0
2023-02-14 00:00:00+00:00,86.18084400979647,86.4228996993203,85.76386650644201,86.00542951017067,1206055.0
2023-02-15 00:00:00+00:00,85.893881343384,86.34227097445263,84.6169204142872,85.0609619777025,1175424.0
2023-02-16 00:00:00+00:00,85.12419508061743,85.6431249503541,83.7844429118263,84.29833823427252,1379274.0
2023-02-17 00:00:00+00:00,84.3509567697044,86.42237633290577,83.37927284274392,85.43816823378047,654916.0
2023-02-20 00:00:00+00:00,85.70976256287474,86.68330659433005,83.71171273794229,84.67348610606476,906402.0
2023-02-21 00:00:00+00:00,84.63968192879572,85.68540530481586,83.65469217257946,84.69971689490333,901546.0
2023-02-22 00:00:00+00:00,84.44036926082399,86.43664732913236,83.67809989156638,85.66333784365526,1043879.0
2023-02-23 00:00:00+00:00,85.53389617781342,86.25661472419424,84.40581812220677,85.12508239706996,893116.0
2023-02-24 00:00:00+00:00,84.96870090006097,85.40868000429391,84.6310095648388,85.07058375576587,879593.0
2023-02-27 00:00:00+00:00,84.86363369278318,85.67774634219745,84.43089698845145,85.2430747915315,1216215.0
2023-02-28 00:00:00+00:00,85.31733119237377,85.45596780229374,85.22949560305022,85.3680799662766,1045528.0
2023-03-01 00:00:00+00:00,85.25798652575433,86.12442145789923,83.32570556200281,84.18119761874568,747074.0
2023-03-02 00:00:00+00:00,83.84893982562191,84.6575319460868,83.5104470381913,84.317149028162,1396022.0
2023-03-03 00:00:00+00:00,84.434756059847,85.92385488437694,84.27668643184022,85.76329810349105,1282983.0
2023-03-06 00:00:00+00:00,85.74418761292925,86.1275929689658,83.86797935820341,84.24467966056389,866330.0
2023-03-07 00:00:00+00:00,84.30482440430927,85.56553194737283,83.92082690121143,85.17755925063425,1230992.0
2023-03-08 00:00:00+00:00,85.19557136111078,86.12452065390889,84.43189172084605,85.35937272410787,832110.0
2023-03-09 00:00:00+00:00,85.46727617125062,85.5581085200915,84.67405811295346,84.7641431907565,1325016.0
2023-03-10 00:00:00+00:00,84.77058868883508,87.19103747589335,84.47133591882731,86.88432291010758,946998.0
2023-03-13 00:00:00+00:00,87.09940191325803,88.69711220931016,86.15340119878411,87.74410922428714,818149.0
2023-03-14 00:00:00+00:00,87.81872040094572,88.73235451735415,85.65050565340216,86.55095035000335,910942.0
2023-03-15 00:00:00+00:00,86.61884461647968,87.37555981853102,85.93288015657018,86.68903946147067,825755.0
2023-03-16 00:00:00+00:00,86.7601305341705,87.97658956846605,86.13993018031594,87.3521571426928,1049207.0
2023-03-17 00:00:00+00:00,87.09804657148729,87.51631258729462,86.7976634521491,87.21552431156766,1044749.0
2023-03-20 00:00:00+00:00,87.18681145216229,88.9297988678794,86.26035809254807,87.99476018662112,1008991.0
2023-03-21 00:00:00+00:00,87.94913503437743,88.81036719334217,87.12523313839382,87.98611883546528,870094.0
2023-03-22 00:00:00+00:00,88.0226488775751,89.34509368408975,87.43797962481163,88.75555627042468,400408.0
2023-03-23 00:00:00+00:00,88.51470035545444,90.6146293572875,88.26940830382726,90.36421193678409,1023480.0
2023-03-24 00:00:00+00:00,90.6600260557563,90.96593395039909,89.39461268088013,89.69727202075497,622471.0
2023-03-27 00:00:00+00:00,89.71600073256161,90.44454662322961,89.25196905286977,89.97915385538623,1062949.0
2023-03-28 00:00:00+00:00,89.7614310386248,90.17813689135198,89.12725220639635,89.54294376014637,1326705.0
2023-03-29 00:00:00+00:00,89.23742860985753,89.89261314718736,89.08825784557152,89.74259793348956,1070870.0
2023-03-30 00:00:00+00:00,89.69212522714336,90.18275371089088,88.05081221134672,88.53511166892491,907230.0
2023-03-31 00:00:00+00:00,88.519234247387,89.04467468736338,87.4610908742585,87.98335036644912,956027.0
2023-04-03 00:00:00+00:00,87.85704562333709,88.22234452403609,87.47269593793065,87.83791529706177,967282.0
2023-04-04 00:00:00+00:00,87.85409896098497,89.31702576407369,87.39485643162018,88.85256392699422,871700.0
2023-04-05 00:00:00+00:00,88.73869672979141,90.56487307442147,88.32551562656727,90.14514333815802,864203.0
2023-04-06 00:00:00+00:00,90.2446568498605,90.70898294455155,88.33004121829086,88.78686670264594,793760.0
2023-04-07 00:00:00+00:00,88.6583002811926,89.35066315421672,87.31855994802002,88.00582743831482,1345870.0
2023-04-10 00:00:00+00:00,87.99905121087062,89.32806061974472,87.42964123728719,88.75376715277551,996119.0
2023-04-11 00:00:00+00:00,88.92768866656525,89.20989924694663,86.4424009222915,86.71759781513384,1270065.0
2023-04-12 00:00:00+00:00,87.16476469029992,88.01443428378028,85.45612795052443,86.29734203265782,939401.0
2023-04-13 00:00:00+00:00,86.12360329962839,86.83019465213262,85.55130751911472,86.25701236153014,1018206.0
2023-04-14 00:00:00+00:00,86.17691546798746,88.15876773223042,85.65623347899906,87.629310355371,958299.0
2023-04-17 00:00:00+00:00,87.48224545428091,89.20135664462465,86.70831014972057,88.41913291220877,1122669.0
2023-04-18 00:00:00+00:00,88.55794101513027,89.37918463033752,87.31698794017085,88.13430294027998,1229563.0
2023-04-19 00:00:00+00:00,87.93216124380656,88.84134941063729,86.89890487261344,87.80679681455898,1061758.0
2023-04-20 00:00:00+00:00,87.72177831913855,88.59230407657104,86.73550226488246,87.60486783622846,844970.0
2023-04-21 00:00:00+00:00,87.5996815567389,90.03003539686664,86.86742114305551,89.28369800754811,822844.0
2023-04-24 00:00:00+00:00,89.10910885161866,89.90506908557855,88.09449654881176,88.88848608696247,1514057.0
2023-04-25 00:00:00+00:00,88.71845856310271,88.96051761217505,88.38535864311304,88.62716861710138,932385.0
2023-04-26 00:00:00+00:00,88.54290248255035,89.83941079567057,87.77330659408699,89.06527456130947,929810.0
2023-04-27 00:00:00+00:00,88.69190677370509,89.33667657330561,88.35496302899502,88.99856781227724,1442318.0
2023-04-28 00:00:00+00:00,88.74164838040923,89.19114119682389,88.40121826594934,88.85029429563498,1312541.0
2023-05-01 00:00:00+00:00,88.77692820199545,88.98301934632987,87.52810248340583,87.73176733971157,1142775.0
2023-05-02 00:00:00+00:00,87.75778026683415,88.25209696262762,87.28687208030308,87.7810638364784,904974.0
2023-05-03 00:00:00+00:00,87.7484574754401,87.85539252675298,87.26970939453612,87.3761907813724,1800923.0
2023-05-04 00:00:00+00:00,87.06673481694042,89.39899867478621,86.35045638909494,88.66953437577457,1103231.0
2023-05-05 00:00:00+00:00,88.58732508013284,90.25511084201904,87.76974119284203,89.42975208686424,1146537.0
2023-05-08 00:00:00+00:00,89.57267433148749,90.42639552308093,88.61374178518051,89.46645055316054,958125.0
2023-05-09 00:00:00+00:00,89.56596849018521,90.46823888786038,89.34944438510038,90.25006100153128,702172.0
2023-05-10 00:00:00+00:00,90.23584812218127,90.96242291469272,89.22143323604047,89.94567154040355,716275.0
2023-05-11 00:00:00+00:00,89.7861829489959,92.08395331123224,88.86845811673962,91.1522654416219,1107101.0
2023-05-12 00:00:00+00:00,91.26741171293294,91.39479053981604,91.08288527795867,91.21018423439354,1102916.0
2023-05-15 00:00:00+00:00,91.10463691251918,92.20269178917493,90.81974761241399,91.91526760152219,941765.0
2023-05-16 00:00:00+00:00,91.70057516853271,92.06238289164507,90.20844891735088,90.56577926481573,746081.0
2023-05-17 00:00:00+00:00,90.42059451815744,91.56050409129699,89.87067180101543,91.0070148650838,697387.0
2023-05-18 00:00:00+00:00,91.27101620858434,91.53513783085423,88.98609560232046,89.24435243040789,921306.0
2023-05-19 00:00:00+00:00,89.28366073453141,89.90218140348391,86.54828750592341,87.15204118685442,694869.0
2023-05-22 00:00:00+00:00,87.35433710100395,87.77219387951934,86.47933849869557,86.8949980429877,1251983.0
2023-05-23 00:00:00+00:00,86.81173410477997,87.52412986487163,85.31593668105933,86.02185048630268,1333979.0
2023-05-24 00:00:00+00:00,86.18340468525017,86.84207379207646,85.59351632939573,86.2517178618949,2028423.0
2023-05-25 00:00:00+00:00,86.1480187357191,89.42676228852723,85.41151541926293,88.66870889248176,1245553.0
2023-05-26 00:00:00+00:00,88.64079552392757,88.96963085192203,87.52370969105225,87.84960991702044,862248.0
2023-05-29 00:00:00+00:00,88.28754768217077,89.06251433461269,86.48945877745822,87.25536518258997,804193.0
2023-05-30 00:00:00+00:00,87.38934360579248,88.32683028181201,86.5957608974807,87.53195254162497,421923.0
2023-05-31 00:00:00+00:00,87.44425965502695,88.90087286537054,86.66236433394786,88.11299792565335,861808.0
2023-06-01 00:00:00+00:00,88.09805187377931,88.25248343053579,87.83400235486663,87.98824141929128,956721.0
2023-06-02 00:00:00+00:00,88.04566780131195,89.05006228786729,86.83057457329483,87.83253774598964,1273733.0
2023-06-05 00:00:00+00:00,88.04543046346008,89.28917253797853,87.39869254648816,88.638081302869,1165208.0
2023-06-06 00:00:00+00:00,88.55141206507837,89.61189048265393,88.1976040259846,89.25527017156307,1158455.0
2023-06-07 00:00:00+00:00,88.94496701130836,89.45866883242206,87.70721051176503,88.2167062615747,1054859.0
2023-06-08 00:00:00+00:00,88.16738189664122,88.78498047983952,87.57722320252583,88.1946393348698,1179661.0
2023-06-09 00:00:00+00:00,88.19735320631487,88.88494460058507,87.60683079540817,88.29377659015613,1436055.0
2023-06-12 00:00:00+00:00,88.31312175098769,88.64231272613952,86.91940426918754,87.24461232932626,766271.0
2023-06-13 00:00:00+00:00,87.47466334326096,87.92118987527114,87.13223439830716,87.57835501814263,891968.0
2023-06-14 00:00:00+00:00,87.63384245518907,88.07196497855125,86.30835393255734,86.74201780782245,706711.0
2023-06-15 00:00:00+00:00,86.88316063098803,88.66344461878448,86.04993608781477,87.82122388668327,1498800.0
2023-06-16 00:00:00+00:00,87.62803438389021,88.59817090637304,87.1187503646818,88.08622394234872,1382948.0
2023-06-19 00:00:00+00:00,88.23925705132609,88.36816322524253,88.11352101535597,88.24242267842976,1206919.0
2023-06-20 00:00:00+00:00,88.613150294826,89.14255258371072,87.15631790140864,87.68014613570062,741087.0
2023-06-21 00:00:00+00:00,87.81578854700761,88.09811530825877,87.33506159921184,87.61674844881144,1044185.0
2023-06-22 00:00:00+00:00,87.6611911720293,87.76082130569282,85.50390383201703,85.60119270245873,943027.0
2023-06-23 00:00:00+00:00,85.62755990766807,86.63345514515832,83.51326248308915,84.50598217640211,1020412.0
2023-06-26 00:00:00+00:00,84.80857104400027,85.29351318232186,84.44975231770886,84.93416308548846,954059.0
2023-06-27 00:00:00+00:00,84.77681025856589,85.36282671512953,82.27745525737247,82.85015377472332,1138815.0
2023-06-28 00:00:00+00:00,82.83174612504989,84.1685164063497,82.4225409436622,83.75475139666834,906005.0
2023-06-29 00:00:00+00:00,83.83187602964007,83.964956956948,81.94522277217325,82.07551552276354,1238180.0
2023-06-30 00:00:00+00:00,82.19773498057107,83.7864456725344,81.30098042389673,82.88222353502775,1062207.0
2023-07-03 00:00:00+00:00,82.8097618107034,83.74486882276116,81.17588084888824,82.10300702216423,929351.0
2023-07-04 00:00:00+00:00,82.15348655527426,83.18513374365318,81.90285599403444,82.93212773513662,972424.0
2023-07-05 00:00:00+00:00,82.88604330459285,83.58602205122249,82.42205000882832,83.12071507076669,895703.0
2023-07-06 00:00:00+00:00,83.14074477707887,83.56559799166016,81.24170967054856,81.65899105215021,1225650.0
2023-07-07 00:00:00+00:00,81.63742097767312,83.18583482370771,81.40562075265231,82.95030680783788,934386.0
2023-07-10 00:00:00+00:00,82.76113175940108,85.15612967210144,82.07601301481127,84.45697230669904,1076508.0
2023-07-11 00:00:00+00:00,84.4534060030658,85.26432394836716,83.63852084628655,84.44940032928181,906557.0
2023-07-12 00:00:00+00:00,84.59768019523541,85.38923346474341,83.443088128558,84.23121247756343,689854.0
2023-07-13 00:00:00+00:00,84.06846366300508,84.83766437901531,83.35995385974098,84.12864736129319,1254235.0
2023-07-14 00:00:00+00:00,84.08809169428685,84.18835787235624,83.10893437605017,83.20815131805443,767565.0
2023-07-17 00:00:00+00:00,83.31885513583083,84.66884683206656,83.0251085510366,84.37138946220158,1185056.0
2023-07-18 00:00:00+00:00,84.19105045822856,84.75181441782736,83.32351149668254,83.88221844593258,1110753.0
2023-07-19 00:00:00+00:00,83.91286426053938,84.6455281665036,83.1569496125626,83.88940872244089,660995.0
2023-07-20 00:00:00+00:00,83.71172982433987,84.15127164702285,82.71618735196128,83.15279439479947,789646.0
2023-07-21 00:00:00+00:00,83.34170404988927,83.83691503033694,82.09747625580862,82.58821002380094,879391.0
2023-07-24 00:00:00+00:00,82.97111849602749,83.82139909857023,80.55445785489343,81.38852013091652,814501.0
2023-07-25 00:00:00+00:00,81.7183634384785,82.78751701453572,81.6154786514348,82.68341720864616,744146.0
2023-07-26 00:00:00+00:00,82.64717993688744,82.97400641335884,82.26187003192969,82.58846431876559,1203247.0
2023-07-27 00:00:00+00:00,82.71081868167819,83.96009354817798,82.3643193456208,83.60982800428516,941881.0
2023-07-28 00:00:00+00:00,83.63006365119134,84.67929207477286,82.63314237533376,83.68175461120059,1101224.0
2023-07-31 00:00:00+00:00,83.69884515726517,83.9920336084065,82.75455674554973,83.04545644318779,897962.0
2023-08-01 00:00:00+00:00,83.30292311663551,83.42939734573291,82.65278369820453,82.77846166643707,1079321.0
2023-08-02 00:00:00+00:00,82.56035020918189,83.02112829738364,81.82218288925138,82.28140414985242,828791.0
2023-08-03 00:00:00+00:00,82.4552497862216,83.12683274783944,81.67618544844511,82.34688580521382,993393.0
2023-08-04 00:00:00+00:00,82.33882015888275,82.56011322071443,81.81382411793112,82.03429875080478,1156573.0
2023-08-07 00:00:00+00:00,82.2657218507414,83.10784667771614,80.95949589229183,81.79682074604838,1011332.0
2023-08-08 00:00:00+00:00,81.8274566703848,82.08611483901703,80.25663635456446,80.51113360058689,892010.0
2023-08-09 00:00:00+00:00,80.40289125886355,81.10618113321611,79.09326906770883,79.79120850904177,762108.0
2023-08-10 00:00:00+00:00,79.83544749949492,81.6741909115119,79.61351389117229,81.44777521260949,1042799.0
2023-08-11 00:00:00+00:00,81.56774925293392,82.44044071140706,79.985918378452,80.85094071903698,1090064.0
2023-08-14 00:00:00+00:00,80.85672397925606,81.11663992898909,79.63378148341282,79.89059177715933,937452.0
2023-08-15 00:00:00+00:00,79.96860917989201,80.99685275784586,79.24529728731245,80.27080749727202,825034.0
2023-08-16 00:00:00+00:00,80.18710059746739,82.53042263267685,79.36713662325695,81.69503903134566,1145276.0
2023-08-17 00:00:00+00:00,81.3471265072125,81.65660437389569,80.03254151396837,80.33818093747688,1859732.0
2023-08-18 00:00:00+00:00,80.48292368532329,80.64558664447372,80.0314428182888,80.1935208692837,927173.0
2023-08-21 00:00:00+00:00,80.30573546871835,80.90381675905354,79.0501663830131,79.64331425568486,1087830.0
2023-08-22 00:00:00+00:00,79.66692058876386,80.18389765937373,77.52616422290598,78.03253539001092,1098942.0
2023-08-23 00:00:00+00:00,78.04321261966301,79.27302497677692,77.55368529780485,78.77888314954188,526441.0
2023-08-24 00:00:00+00:00,78.94232891583411,79.69975517514368,78.05569807118584,78.81187264452493,1031450.0
2023-08-25 00:00:00+00:00,78.73985469536338,79.4157465033085,78.25999779094671,78.93470215829069,838090.0
2023-08-28 00:00:00+00:00,78.82324081604524,79.33301794481429,77.77381984502075,78.28008419226397,1413646.0
2023-08-29 00:00:00+00:00,78.25057035812613,79.26450274482065,77.75290402328538,78.76357375617815,938477.0
2023-08-30 00:00:00+00:00,78.95111175692516,79.42485548819816,77.84039522316999,78.3102937455661,823342.0
2023-08-31 00:00:00+00:00,78.09334437999101,78.65823755268012,77.66671984230153,78.23086175651083,946840.0
2023-09-01 00:00:00+00:00,78.41755995540372,78.63477241254319,77.03742184345005,77.25140411112062,1042519.0
2023-09-04 00:00:00+00:00,77.15270085976178,77.48047761317167,75.86188563481315,76.18555354428622,869379.0
2023-09-05 00:00:00+00:00,76.01801652156608,77.77378410439826,75.72049665901287,77.47057919156744,986921.0
2023-09-06 00:00:00+00:00,77.66606084760912,77.95575398756952,76.76708956880631,77.05450160276008,712810.0
2023-09-07 00:00:00+00:00,77.03957141346473,78.12251724983149,76.29913853689752,77.37882379416816,945243.0
2023-09-08 00:00:00+00:00,77.17786399071291,77.57611183479865,77.00387294479007,77.40161635785928,1213997.0
2023-09-11 00:00:00+00:00,77.34610323740819,77.59822243395597,76.79572489737615,77.04686870191956,1636064.0
2023-09-12 00:00:00+00:00,77.19047171115021,77.71463753174574,76.11190396748704,76.63227935452028,1193188.0
2023-09-13 00:00:00+00:00,76.81520004799296,77.6108718059256,76.47429756379323,77.2679599929746,1070348.0
2023-09-14 00:00:00+00:00,77.20198608661909,77.48313956188899,76.7619082782752,77.04248086892605,1344391.0
2023-09-15 00:00:00+00:00,77.10511423333416,77.49890649404458,76.56341455738642,76.95644754562016,1290174.0
2023-09-18 00:00:00+00:00,77.06643289888825,77.56907820160093,76.52846075075679,77.03087413086655,1515826.0
2023-09-19 00:00:00+00:00,76.93162583809507,78.83892595595717,76.28403955417473,78.18082431130794,1310835.0
2023-09-20 00:00:00+00:00,78.23635805148926,79.79949110814971,77.3214274139561,78.87706772776417,970964.0
2023-09-21 00:00:00+00:00,78.87203901518836,80.11853885117881,78.0534239979442,79.29552842593444,1066745.0
2023-09-22 00:00:00+00:00,79.2105652986266,79.66443521625028,78.36461505619738,78.81622543939214,1045809.0
2023-09-25 00:00:00+00:00,78.73868512171101,79.20859817997702,77.11126435291551,77.57422792195509,1078461.0
2023-09-26 00:00:00+00:00,77.58462891551471,78.95570448914556,77.15226167974883,78.51813496734901,1051355.0
2023-09-27 00:00:00+00:00,78.52282318754386,79.77807256459705,78.2379211296794,79.48966255180535,822335.0
2023-09-28 00:00:00+00:00,79.39981215974441,80.3219253157542,78.48914238550206,79.41112578084251,591018.0
2023-09-29 00:00:00+00:00,79.3435050265037,80.1255521363722,79.20423677614582,79.985157620744,845422.0
2023-10-02 00:00:00+00:00,80.16345696336057,81.05821015363102,79.9025713864631,80.79526839681627,602596.0
2023-10-03 00:00:00+00:00,80.82982822767347,82.3386239478619,80.16041236735747,81.66231361634783,1017135.0
2023-10-04 00:00:00+00:00,81.8069993465795,83.24653705990696,81.19465868837044,82.62805067923554,1001135.0
2023-10-05 00:00:00+00:00,82.82689801922861,83.16359930116101,81.90077082370445,82.23506623841187,657774.0
2023-10-06 00:00:00+00:00,82.33197025284156,84.74989807014762,81.4010837637636,83.80238632059562,1187728.0
2023-10-09 00:00:00+00:00,84.18386334003719,84.6472116882214,82.16119904951434,82.61591741654938,1241989.0
2023-10-10 00:00:00+00:00,82.47966339901132,84.16451611458976,81.85621699172681,83.53310694933968,1024252.0
2023-10-11 00:00:00+00:00,83.66827412032791,84.25682025274311,83.50082965770882,84.08853472686366,1517276.0
2023-10-12 00:00:00+00:00,84.03504722434607,85.95256155211665,83.127487429506,85.03421101090242,1596664.0
2023-10-13 00:00:00+00:00,85.35040757141705,87.21990083233023,85.16835178522446,87.03425333669713,739709.0
2023-10-16 00:00:00+00:00,87.33075029887253,89.13351725653187,86.86488316980014,88.6605562586608,1295862.0
2023-10-17 00:00:00+00:00,88.31470965532893,89.26332590048477,86.5717508430191,87.5117421601965,1116515.0
2023-10-18 00:00:00+00:00,87.34233200338228,88.33759212150065,84.83842521474436,85.81629625607395,1110244.0
2023-10-19 00:00:00+00:00,85.9303897802104,87.67141215221795,84.98999061221724,86.72234602719531,1263154.0
2023-10-20 00:00:00+00:00,86.85945256962657,87.73703918268168,84.86625355232304,85.7324535026158,835444.0
2023-10-23 00:00:00+00:00,85.85884148745362,86.16504061089759,85.47379977014667,85.77971671021834,862351.0
2023-10-24 00:00:00+00:00,85.76755995618048,86.82623215287542,85.65173992158853,86.7091406130162,813290.0
2023-10-25 00:00:00+00:00,86.78810281605318,87.30621954544185,84.56715411129855,85.07504404254112,828014.0
2023-10-26 00:00:00+00:00,85.18622828725238,85.33061685224149,82.86539622091473,83.00608950420526,975673.0
2023-10-27 00:00:00+00:00,82.99316293170196,84.28678270047013,82.03327426198447,83.32307827069866,695617.0
2023-10-30 00:00:00+00:00,83.49445018575345,83.58546430275351,83.33490884203135,83.4258481785988,769948.0
2023-10-31 00:00:00+00:00,83.04969778058357,83.61963689988558,82.66930636615751,83.23838126105015,1155325.0
2023-11-01 00:00:00+00:00,83.34396005531445,83.61367905553847,83.06550460704817,83.33519524245054,982416.0
2023-11-02 00:00:00+00:00,83.16302738176937,83.258714778486,82.44187684094842,82.53684375064798,1100471.0
2023-11-03 00:00:00+00:00,82.6952480416858,83.23192851335756,80.58172141366148,81.10810152879132,623557.0
2023-11-06 00:00:00+00:00,81.07101369174427,81.21990448804772,80.8539755785751,81.0027409887924,822042.0
2023-11-07 00:00:00+00:00,80.85888047783637,81.74018815744536,79.24650616969006,80.11975790797085,870354.0
2023-11-08 00:00:00+00:00,80.17969421605184,80.8663456725114,77.93693119473281,78.61014114442231,1008167.0
2023-11-09 00:00:00+00:00,78.46699153129933,79.54525340993703,78.06916325287611,79.14399272998917,863664.0
2023-11-10 00:00:00+00:00,78.99964433496135,79.95284787046974,78.18932880258062,79.14108158722385,1262765.0
2023-11-13 00:00:00+00:00,78.89339524644295,80.3609615476998,78.12296700219872,79.58379128649322,985537.0
2023-11-14 00:00:00+00:00,79.57954039125893,79.9448782849308,78.33836703405206,78.69966555254419,1004263.0
2023-11-15 00:00:00+00:00,78.77790410685239,79.590853463967,77.32900217710586,78.13532038517747,1003390.0
2023-11-16 00:00:00+00:00,78.29535297322204,79.17409114262365,76.39114992681081,77.25824828050759,1193627.0
2023-11-17 00:00:00+00:00,77.23635209128555,77.84024838394477,75.8960351535297,76.49412813879421,888780.0
2023-11-20 00:00:00+00:00,76.65460577856183,77.10103242999253,76.2813275183019,76.7273996915519,1323922.0
2023-11-21 00:00:00+00:00,76.73015593889254,77.56700928192427,75.23351601233793,76.06309408088266,1121890.0
2023-11-22 00:00:00+00:00,76.04890378370428,77.31154810377141,75.18411131779254,76.44228232162604,1039260.0
2023-11-23 00:00:00+00:00,76.53002155755826,77.1785517341159,76.1611374381331,76.80832615230415,1010489.0
2023-11-24 00:00:00+00:00,76.9710851095266,78.90639633584887,76.8210522124317,78.75289032416775,1138915.0
2023-11-27 00:00:00+00:00,78.69913078132726,79.52908483040142,76.68449966678519,77.50182705703756,1288976.0
2023-11-28 00:00:00+00:00,77.46405232368006,79.03847081103495,76.82011479594023,78.38686221648257,1266658.0
2023-11-29 00:00:00+00:00,78.3616521329525,78.63999084587861,78.07923814482768,78.35756233087471,1098521.0
2023-11-30 00:00:00+00:00,78.37053457860138,78.96654414376606,77.80342976744197,78.3992316746986,1245055.0
2023-12-01 00:00:00+00:00,78.25817609676527,78.60173969159035,76.76247900104613,77.10096227634482,1030032.0
2023-12-04 00:00:00+00:00,77.25964586104683,78.11808336026803,75.87749822923276,76.73005136580865,1367689.0
2023-12-05 00:00:00+00:00,76.66862905994667,77.84064750303473,76.30343630198101,77.47162984205642,993370.0
2023-12-06 00:00:00+00:00,77.5433154841152,77.78826226612354,77.20453698404765,77.44918642760274,595243.0
2023-12-07 00:00:00+00:00,77.32142755978839,77.69329253546775,77.20735518714962,77.5788404014288,1397201.0
2023-12-08 00:00:00+00:00,77.63453157043121,78.00466879228962,76.99396367551525,77.36280539174167,1027330.0
2023-12-11 00:00:00+00:00,77.42341859289017,79.42989534021835,76.50332482411854,78.49704270757991,746194.0
2023-12-12 00:00:00+00:00,78.43102599076829,78.79891637317985,78.16422425040587,78.53177192163457,951652.0
2023-12-13 00:00:00+00:00,78.84982228935198,79.32596201802833,76.07665287360182,76.53883757227027,801750.0
2023-12-14 00:00:00+00:00,76.59565658644028,77.49130283643619,75.07077584308624,75.9589772920598,1690547.0
2023-12-15 00:00:00+00:00,76.22940494557606,76.31126434474369,74.1576646350413,74.23738489164496,1132493.0
2023-12-18 00:00:00+00:00,74.37992949893099,74.69572397498241,71.14327977116993,71.4466203118105,675584.0
2023-12-19 00:00:00+00:00,71.35204836489144,72.06792524625904,70.33049740027654,71.04327636446044,1146302.0
2023-12-20 00:00:00+00:00,70.9889935061609,72.31943327997206,70.84324965406775,72.1712621728752,905122.0
2023-12-21 00:00:00+00:00,72.23423770591776,73.04407433742342,71.38464551737914,72.19403138547752,1614775.0
2023-12-22 00:00:00+00:00,72.20286450917803,72.93789918662456,70.44304581016884,71.1675407553398,768608.0
2023-12-25 00:00:00+00:00,71.17458115920434,71.35775380088886,70.1700472214621,70.35110057967954,570206.0
2023-12-26 00:00:00+00:00,70.31084243579579,71.83009142585841,69.78239983426008,71.29425766692613,1016604.0
2023-12-27 00:00:00+00:00,71.03685549470566,71.91915396360055,70.53174930031464,71.41138468659577,916671.0
2023-12-28 00:00:00+00:00,71.37919502930013,72.05119403937964,70.76314769897078,71.43466794292898,901093.0
2023-12-29 00:00:00+00:00,71.11846829027449,71.68327492325619,70.80730765144945,71.37100935569553,585488.0
2024-01-01 00:00:00+00:00,71.42410337048723,71.79734435873056,71.01301400939661,71.38605617437993,1112603.0
2024-01-02 00:00:00+00:00,71.28247059769828,72.32425838959787,71.02237430982271,72.0613202263562,1519432.0
2024-01-03 00:00:00+00:00,71.95828620859423,72.82798475896124,71.65527746106766,72.52259974669293,620480.0
2024-01-04 00:00:00+00:00,72.49079775871263,72.9055970818555,72.27818107700443,72.69238912939817,1340183.0
2024-01-05 00:00:00+00:00,72.73204234935548,73.52834424712073,70.98463618004078,71.77040970718451,867466.0
2024-01-08 00:00:00+00:00,71.56515243700778,72.97082810178141,70.79499219655057,72.1939014744256,1799037.0
2024-01-09 00:00:00+00:00,71.94186575726235,72.29871054391522,71.23057035600573,71.58564823874165,1115165.0
2024-01-10 00:00:00+00:00,71.43318080387702,73.13881200007636,70.81704121840437,72.51335547856903,954125.0
2024-01-11 00:00:00+00:00,72.21785419478219,72.67954514766282,70.94142914572124,71.39787796546354,1318303.0
2024-01-12 00:00:00+00:00,71.25994934376044,71.5536108729037,70.96859520279978,71.2622473363476,1140546.0
2024-01-15 00:00:00+00:00,71.48934823573278,71.83576033456237,70.89294858649048,71.23814343569947,862333.0
2024-01-16 00:00:00+00:00,71.08776394237104,71.91357006448054,69.28288715045973,70.09718601347508,1194293.0
2024-01-17 00:00:00+00:00,70.18856886724372,71.8830945189597,69.8547466947006,71.54283137093478,880140.0
2024-01-18 00:00:00+00:00,71.34683904815854,73.32558044762077,70.82134597597604,72.78946198030198,639466.0
2024-01-19 00:00:00+00:00,72.83302059820974,73.6630349781934,71.54285392345082,72.36756389960878,1661795.0
2024-01-22 00:00:00+00:00,72.32130197851329,73.33465406693084,72.01223453837959,73.02258965108143,916314.0
2024-01-23 00:00:00+00:00,73.01385480455944,74.06274401690374,72.29113881885245,73.33683110187832,858771.0
2024-01-24 00:00:00+00:00,73.42030326271718,73.5858578737646,70.89449635425699,71.0547168312276,1088369.0
2024-01-25 00:00:00+00:00,71.30473395386518,71.95122800018459,70.60472215049859,71.25072653119162,677119.0
2024-01-26 00:00:00+00:00,71.27847787197491,71.9822505413996,70.47769349268721,71.18049875899175,712914.0
2024-01-29 00:00:00+00:00,71.19820482517933,71.96123622048356,70.4711371669259,71.23380501727331,882575.0
2024-01-30 00:00:00+00:00,71.09526653751517,71.928899996794,69.47730318254787,70.30163079999649,878157.0
2024-01-31 00:00:00+00:00,70.38369812197139,71.00450529341595,69.43932684514039,70.05725467895559,1018135.0
2024-02-01 00:00:00+00:00,70.02278485785962,70.84550509020787,69.0689192644657,69.89008030835805,1323976.0
2024-02-02 00:00:00+00:00,70.00647520096287,71.16381811086423,69.72211683168932,70.87592812234867,888246.0
2024-02-05 00:00:00+00:00,70.8697329226367,71.62244899161064,70.39227150905168,71.14314555076609,1131110.0
2024-02-06 00:00:00+00:00,71.39127716287565,71.63078176602332,70.88202430185073,71.12062090303122,1162283.0
2024-02-07 00:00:00+00:00,70.83912694518246,72.55841335809177,70.70319969325938,72.41945374977257,762602.0
2024-02-08 00:00:00+00:00,72.37650736161325,72.79833935217727,71.50137180643928,71.92054631930635,1058776.0
2024-02-09 00:00:00+00:00,72.04745143303118,72.6898613869268,70.92921081268422,71.56733985937545,790044.0
2024-02-12 00:00:00+00:00,71.51716124337199,72.20107381371794,69.33701071250907,70.00647673453771,1304702.0
2024-02-13 00:00:00+00:00,69.89565006057668,71.40395085964826,69.81269279673909,71.31930389942724,1120497.0
2024-02-14 00:00:00+00:00,71.28138914167602,72.95109908612051,70.47131822239794,72.13136865134953,1004135.0
2024-02-15 00:00:00+00:00,71.93257080598262,73.18232025427525,71.66501271420465,72.91112237335672,715392.0
2024-02-16 00:00:00+00:00,72.92847054291398,73.79000778039261,72.62113520889713,73.4803467284421,1029422.0
2024-02-19 00:00:00+00:00,73.83987539505387,74.58983244092171,72.81203815004818,73.55914393793192,825508.0
2024-02-20 00:00:00+00:00,73.72779204520523,74.53014691558168,72.92885089589748,73.73116917051672,1193023.0
2024-02-21 00:00:00+00:00,73.5678133245198,74.23733968687547,72.82134256993247,73.49016224491342,970609.0
2024-02-22 00:00:00+00:00,73.36191032951608,73.70384892405804,72.95088935554155,73.29250445048238,816208.0
2024-02-23 00:00:00+00:00,73.23320142581564,73.7685713946913,72.78711841834762,73.32194780927688,1260337.0
2024-02-26 00:00:00+00:00,73.46938734413503,75.4055684721578,72.72142079287326,74.64562702941187,1197677.0
2024-02-27 00:00:00+00:00,74.52308689631244,75.4966645270079,74.15565871783775,75.12626245539215,862151.0
2024-02-28 00:00:00+00:00,75.02262499221409,75.79473001328658,74.2830244915842,75.05481219938567,1337105.0
2024-02-29 00:00:00+00:00,75.18773917692143,75.90969966975705,73.8006448858496,74.51615677459804,928116.0
2024-03-01 00:00:00+00:00,74.64512943199092,75.10459901386781,73.47693746762234,73.93201757075887,925623.0
2024-03-04 00:00:00+00:00,73.87676448366626,76.16728091866207,73.07430727204726,75.34883393334152,1031434.0
2024-03-05 00:00:00+00:00,75.18057773426523,76.18577664593197,74.78740456672546,75.78941940855891,828483.0
2024-03-06 00:00:00+00:00,75.55487456021991,76.53329399495453,74.8560623483736,75.83191937661817,895467.0
2024-03-07 00:00:00+00:00,75.7259819172118,76.33460958540547,74.89187540682198,75.49867616479864,960674.0
2024-03-08 00:00:00+00:00,75.16262234134504,75.51165931957969,74.1360491944629,74.48192518026814,1466049.0
2024-03-11 00:00:00+00:00,74.59370503075996,75.10464382296793,73.89394964575065,74.40358619552393,1454864.0
2024-03-12 00:00:00+00:00,74.30989215108777,75.74521238007102,73.74019992200158,75.16893435662043,937332.0
2024-03-13 00:00:00+00:00,75.2413258563087,75.76087361927223,74.2805065627207,74.79698612197649,1495723.0
2024-03-14 00:00:00+00:00,75.07699909274928,75.24351310737575,74.409253391465,74.57465324830281,989237.0
2024-03-15 00:00:00+00:00,74.74981012247277,75.63977811033723,73.47321135561899,74.35852066826185,1099819.0
2024-03-18 00:00:00+00:00,74.18752421648556,75.30367303356807,73.32452667521886,74.43776453414304,1247192.0
2024-03-19 00:00:00+00:00,74.56728699153953,74.67259235149825,72.90695600724024,73.01006222436757,1075743.0
2024-03-20 00:00:00+00:00,73.17932856219682,74.01262727343592,71.95709819966523,72.78591710400339,1829048.0
2024-03-21 00:00:00+00:00,72.6773496668645,73.17492622426246,71.53235198146434,72.02546549385427,1062725.0
2024-03-22 00:00:00+00:00,71.88827301130854,72.94930002048982,71.7169812612989,72.77589329365381,741265.0
2024-03-25 00:00:00+00:00,72.75992919321853,73.48943913448473,71.36522594173825,72.08799893578542,1385925.0
2024-03-26 00:00:00+00:00,71.85748147944948,72.98896145374708,71.44339440892631,72.57076400992086,902113.0
2024-03-27 00:00:00+00:00,72.78454298584701,74.54564327292768,72.14075661963238,73.89206080382766,926749.0
2024-03-28 00:00:00+00:00,73.53743990471742,74.33939549582018,72.79475172929165,73.59611473648337,473351.0
2024-03-29 00:00:00+00:00,73.43338146620405,73.94142561771991,72.54309804613109,73.04847927647278,1284342.0
2024-04-01 00:00:00+00:00,73.0091072401623,73.31136403233054,72.89621192715846,73.19817635830384,1227049.0
2024-04-02 00:00:00+00:00,73.16493918468842,73.9133307534979,72.42983794849951,73.17809731521704,1221103.0
2024-04-03 00:00:00+00:00,73.20241465650884,73.83447516473294,71.66846619599664,72.29267159914134,1277112.0
2024-04-04 00:00:00+00:00,72.33192973920556,73.47573136207964,71.53544265180065,72.6754614559734,1526153.0
2024-04-05 00:00:00+00:00,72.64441938393422,74.73164505625056,72.35591149115513,74.43602180014169,988565.0
2024-04-08 00:00:00+00:00,74.60546495435966,75.32442921314862,73.47234117141727,74.18727538557697,1264155.0
2024-04-09 00:00:00+00:00,73.87052453993613,74.77298024784656,73.0871797866686,73.98838566061518,830307.0
2024-04-10 00:00:00+00:00,73.98836131638092,74.35131581889921,72.68981745313053,73.0481597384037,915349.0
2024-04-11 00:00:00+00:00,72.94383615166238,73.71416211892873,72.54176475893355,73.31007200921049,1302376.0
2024-04-12 00:00:00+00:00,73.329503723005,73.67223571525352,71.86572691745667,72.20319469657244,1102721.0
2024-04-15 00:00:00+00:00,72.23508086636096,72.31186697589091,71.15691807667096,71.2326385870248,716517.0
2024-04-16 00:00:00+00:00,71.10285301160437,72.57336511834676,70.85064185353582,72.31684776145804,1094538.0
2024-04-17 00:00:00+00:00,72.2242043318471,72.55982297146296,71.18513089489355,71.51746538946968,955302.0
2024-04-18 00:00:00+00:00,71.63092287770739,72.59223962090017,71.47387624443529,72.43343352968733,814919.0
2024-04-19 00:00:00+00:00,72.48401787248179,74.4469874822745,71.80113733569821,73.75215963144166,1114685.0
2024-04-22 00:00:00+00:00,73.6518882737717,74.38486625703094,73.23233185466313,73.96353455151245,903819.0
2024-04-23 00:00:00+00:00,74.26590602785386,74.97742677618069,73.7274516855031,74.4377266727894,675284.0
2024-04-24 00:00:00+00:00,74.78230161435896,76.49780660180514,74.47340039663433,76.1831190655647,757457.0
2024-04-25 00:00:00+00:00,75.96061472212176,76.36165825720795,75.58355903994092,75.98448409150261,1556271.0
2024-04-26 00:00:00+00:00,76.03036140437126,76.73647244259516,74.7263275253445,75.42683346407064,684729.0
2024-04-29 00:00:00+00:00,75.80627569723708,76.27384862859533,73.73571061459754,74.1933349310792,1057281.0
2024-04-30 00:00:00+00:00,74.3097462690169,74.87165741596812,73.65075015183956,74.2119215736601,1164759.0
2024-05-01 00:00:00+00:00,74.24473942382195,75.94870081326332,73.82529483271158,75.52204013012222,1173273.0
2024-05-02 00:00:00+00:00,75.49062091452144,76.9219894552036,74.95257030069324,76.37761688086728,736116.0
2024-05-03 00:00:00+00:00,76.29499134575191,77.12438970431641,74.67938802674345,75.50014566471097,922761.0
2024-05-06 00:00:00+00:00,75.46806270128802,75.76551394291307,74.41599269468803,74.71045789849543,1035839.0
2024-05-07 00:00:00+00:00,74.6282127084973,75.12894425449562,73.74312226973636,74.24125746928432,1221467.0
2024-05-08 00:00:00+00:00,74.3519457679274,75.12101193298278,73.7155312410564,74.48347161233227,851088.0
2024-05-09 00:00:00+00:00,74.424183488673,74.56965927751745,74.13641994768746,74.28161706416904,747614.0
2024-05-10 00:00:00+00:00,74.21610707288566,75.3167443035967,73.35652992737003,74.45440714673936,1284852.0
2024-05-13 00:00:00+00:00,74.2756098534823,75.18586255699618,73.7938333551965,74.70132472935114,1318228.0
2024-05-14 00:00:00+00:00,74.69391623812461,74.97018732997773,74.14013186924251,74.41537270952159,1096933.0
2024-05-15 00:00:00+00:00,74.28241882674665,75.05728462020723,73.58678339118161,74.36091409695464,858819.0
2024-05-16 00:00:00+00:00,74.33403745966432,75.26999388667666,73.5928237859464,74.52685752885951,1107041.0
2024-05-17 00:00:00+00:00,74.68230589968776,75.27504569574825,73.84242615104718,74.43318874987472,1027705.0
2024-05-20 00:00:00+00:00,74.48768260036064,75.69492061367379,73.66252365736581,74.86557545282628,1232947.0
2024-05-21 00:00:00+00:00,74.94118670859845,76.69762562974807,74.7929517202664,76.5462158654512,731778.0
2024-05-22 00:00:00+00:00,76.60075010405347,77.59701021149885,76.0795905139909,77.07264007864941,1029492.0
2024-05-23 00:00:00+00:00,77.08176227796045,77.81218720843266,76.37478446955178,77.1049963024092,961014.0
2024-05-24 00:00:00+00:00,77.08536351681289,77.93985473039065,74.70430805983672,75.54168762699705,757735.0
2024-05-27 00:00:00+00:00,75.49519753638157,76.48646383569702,74.88701467218903,75.87521954664305,1055392.0
2024-05-28 00:00:00+00:00,75.99050337782931,76.56996365973885,73.53969654632887,74.10477735601977,1008768.0
2024-05-29 00:00:00+00:00,73.94425676240327,74.33398056978699,72.46017833860593,72.84410378074142,902497.0
2024-05-30 00:00:00+00:00,73.03969336534637,74.11282151779142,72.50740123628862,73.57661644882283,1104074.0
2024-05-31 00:00:00+00:00,73.58163131681283,74.7111798843511,73.05899821733092,74.18426640890576,701384.0
2024-06-03 00:00:00+00:00,74.07326595725769,74.88475894653176,73.22135335269546,74.03239862915687,986679.0
2024-06-04 00:00:00+00:00,73.9600087291433,74.70686527477386,71.77837439023641,72.51059458769079,1113885.0
2024-06-05 00:00:00+00:00,72.41248307019445,73.07209926895146,71.51273951313217,72.17014824754372,1073586.0
2024-06-06 00:00:00+00:00,72.19327620616528,72.99907108175884,70.76802324912869,71.56682591630745,1308795.0
2024-06-07 00:00:00+00:00,71.4641521411984,72.22238411955954,71.34067725428314,72.09781439875553,740612.0
2024-06-10 00:00:00+00:00,72.26269296639683,74.76035794723263,71.57866922411046,74.05932763188675,685937.0
2024-06-11 00:00:00+00:00,73.94364276276315,74.68661684660297,73.49260257494623,74.23380672155305,1061589.0
2024-06-12 00:00:00+00:00,73.89717639334339,74.58219233885947,72.84288371774998,73.52444449343002,1120515.0
2024-06-13 00:00:00+00:00,73.41703051581189,73.72963674828084,72.17215215403321,72.4807718414902,1698857.0
2024-06-14 00:00:00+00:00,72.19019752709234,72.85856696169073,71.74689766047356,72.41389344086218,1166670.0
2024-06-17 00:00:00+00:00,72.40811955366952,73.13730537299135,71.51484943750373,72.24236603636986,803734.0
2024-06-18 00:00:00+00:00,72.39556039283715,72.49597175328765,71.13436021125922,71.23315934203337,1223245.0
2024-06-19 00:00:00+00:00,71.32550309982726,71.6252408239853,71.0151650902863,71.31485807989768,809444.0
2024-06-20 00:00:00+00:00,71.12433302640639,71.57761407248239,69.8709701232983,70.31911947922765,689727.0
2024-06-21 00:00:00+00:00,70.21199891275558,71.98459795231192,69.48414455523525,71.24602434553661,1919904.0
2024-06-24 00:00:00+00:00,71.4999167957839,72.42875074080982,71.21603601856584,72.14231939072245,1084866.0
2024-06-25 00:00:00+00:00,72.1882903349951,73.80389119319685,71.4625223698903,73.06926605811464,1195707.0
2024-06-26 00:00:00+00:00,73.06986796028946,73.33949496018924,72.36859409483884,72.63662242352767,1151295.0
2024-06-27 00:00:00+00:00,72.79020219130246,73.38494277932095,72.47468138349032,73.06821687227726,1573054.0
2024-06-28 00:00:00+00:00,73.42753230043427,73.9482802863239,72.41702195770013,72.93427174018812,1073610.0
2024-07-01 00:00:00+00:00,73.12364642774419,73.72274533575565,71.9820080605016,72.57662524737594,1355845.0
2024-07-02 00:00:00+00:00,72.59686464632428,73.37225505538781,71.49195579640161,72.26378869789008,773507.0
2024-07-03 00:00:00+00:00,72.31506910710048,73.08697011755085,70.36845339087695,71.12768004691303,706070.0
2024-07-04 00:00:00+00:00,71.2155171461521,71.48270204578611,69.6262306404224,69.88843662689885,1428520.0
2024-07-05 00:00:00+00:00,69.80284799754386,71.1892292570027,69.16054844747778,70.54014537382363,1445875.0
2024-07-08 00:00:00+00:00,70.39093894629059,70.95300519017069,69.79903520321034,70.36086127922786,1136191.0
2024-07-09 00:00:00+00:00,70.36824239172893,70.89629087872014,69.99897949039858,70.52619908717367,1058144.0
2024-07-10 00:00:00+00:00,70.39271914529988,72.04176780550087,69.72142175825638,71.3612342127533,1042419.0
2024-07-11 00:00:00+00:00,71.35246268372366,72.12825753907175,69.11521818544686,69.87494845246542,841945.0
2024-07-12 00:00:00+00:00,69.88838292871581,70.32666278392368,68.76925337101807,69.20323657732521,1469114.0
2024-07-15 00:00:00+00:00,69.52801101234026,70.2981838309966,68.56366184119591,69.33165964457196,1179063.0
2024-07-16 00:00:00+00:00,69.21375060238822,69.80863635873287,69.0473726288576,69.64123079620796,1134823.0
2024-07-17 00:00:00+00:00,69.62426979971384,69.82117402759846,69.11347996569398,69.3094939768404,1098594.0
2024-07-18 00:00:00+00:00,69.28672221823898,70.81312003797036,68.6349966259535,70.1532437604276,1299498.0
2024-07-19 00:00:00+00:00,70.21462810542896,70.61964557592458,69.90841729927996,70.31300573817572,1134567.0
2024-07-22 00:00:00+00:00,70.46035658794723,70.98451289645926,68.76393229235747,69.27930271232768,1204832.0
2024-07-23 00:00:00+00:00,69.21137532506843,69.65901942467708,68.04969487221351,68.49269067606014,746595.0
2024-07-24 00:00:00+00:00,68.38026981737279,69.32065703407171,68.20223222295944,69.14063971031588,1135994.0
2024-07-25 00:00:00+00:00,68.9141319840646,70.15536533978117,68.27346691401216,69.50916847121732,1727716.0
2024-07-26 00:00:00+00:00,69.3805282463428,70.01575956938714,67.30415679799836,67.92607146682113,878420.0
2024-07-29 00:00:00+00:00,67.99898721174424,69.19553571449761,67.82237768254808,69.01628402372842,968306.0
2024-07-30 00:00:00+00:00,69.0225850897557,69.76405239930669,68.75633129202754,69.49597251523784,1249803.0
2024-07-31 00:00:00+00:00,69.35497858772274,71.30008915849574,68.67485373675045,70.6076797790239,1270392.0
2024-08-01 00:00:00+00:00,70.55505890358882,71.33360150996799,69.49040147819069,70.26575171285596,1168951.0
2024-08-02 00:00:00+00:00,70.27017479273206,71.01300020265747,69.25939272662212,69.99935530609679,667377.0
2024-08-05 00:00:00+00:00,70.06990523563171,70.52679474043059,68.59205519927514,69.04224385730298,1133639.0
2024-08-06 00:00:00+00:00,68.96035390472555,71.51737210739763,68.61270063402517,71.15863652491146,743848.0
2024-08-07 00:00:00+00:00,71.12300350352405,71.54247069222234,70.57253313067196,70.99122310877752,813690.0
2024-08-08 00:00:00+00:00,70.73350622245286,72.55120647880703,70.52553037271734,72.33851147475548,1146844.0
2024-08-09 00:00:00+00:00,72.17212405426099,72.63805843107328,71.29757627521096,71.76085555304523,928713.0
2024-08-12 00:00:00+00:00,71.99340887467565,72.2482484718178,71.62965697250212,71.88410967639818,1224345.0
2024-08-13 00:00:00+00:00,71.57021194156846,71.76928062546817,70.24321241396058,70.43913506855016,2196872.0
2024-08-14 00:00:00+00:00,70.39156210136646,70.7566726792805,69.73513285136698,70.09872452426144,1214455.0
2024-08-15 00:00:00+00:00,70.12946229402387,71.03420332052896,70.01001153707821,70.91341726154023,1198071.0
2024-08-16 00:00:00+00:00,70.86034436334795,71.29782872645922,69.40755332118265,69.83873034608231,799370.0
2024-08-19 00:00:00+00:00,69.72594013219441,71.33775455298768,69.12228759755037,70.72544876933664,851513.0
2024-08-20 00:00:00+00:00,70.71680968378351,71.57419691763592,70.1393735805205,70.99449339589941,766504.0
2024-08-21 00:00:00+00:00,70.99378836707184,71.82639259133123,69.27109678403119,70.09313832318291,875335.0
2024-08-22 00:00:00+00:00,70.08162753519956,70.83456633667184,68.90673109433024,69.65508725786313,761140.0
2024-08-23 00:00:00+00:00,69.39399342049337,69.94715162575459,68.7030600256183,69.25511116301234,847959.0
2024-08-26 00:00:00+00:00,69.23469726296335,69.98754491877008,68.44423431500714,69.19666845125096,949158.0
2024-08-27 00:00:00+00:00,69.07842769060868,69.48522458211013,68.3309402064897,68.73571891562926,778689.0
2024-08-28 00:00:00+00:00,68.66046210574753,69.33248429941565,67.37376550875943,68.03971203954362,701332.0
2024-08-29 00:00:00+00:00,68.07060564615814,68.35168791146504,67.49467181193265,67.77453150562688,711510.0
2024-08-30 00:00:00+00:00,67.8614373585849,68.32246972393077,66.47306927553197,66.92775847751781,1120170.0
2024-09-02 00:00:00+00:00,67.04790478346268,67.83763172558304,65.10758287348938,65.88359594850404,1015049.0
2024-09-03 00:00:00+00:00,65.81821745407352,66.32849083948655,65.31886802355359,65.82905915518515,1292379.0
2024-09-04 00:00:00+00:00,65.95082409857395,66.95086855429649,65.51721693290472,66.51356155625405,1298370.0
2024-09-05 00:00:00+00:00,66.66988255971816,67.31393919392677,64.65697912727524,65.28768318543862,918366.0
2024-09-06 00:00:00+00:00,65.43626892306345,65.72653964777892,64.98455974037539,65.27411114449576,1182358.0
2024-09-09 00:00:00+00:00,65.45579526008913,66.11961417561565,64.09412869010656,64.75079788587888,697586.0
2024-09-10 00:00:00+00:00,64.73193451708264,64.80987197314886,63.902951471514854,63.97998357624479,1769604.0
2024-09-11 00:00:00+00:00,63.95770554165381,64.85641393313695,63.72612621882514,64.62242777093805,1348309.0
2024-09-12 00:00:00+00:00,64.72914936625553,64.9200821871709,64.01640733359025,64.20579641019238,947661.0
2024-09-13 00:00:00+00:00,64.03055842230951,65.60465470955435,63.78526664836689,65.35429190480785,747665.0
2024-09-16 00:00:00+00:00,65.38167181273262,66.12707821063591,63.9914004867879,64.72937009297588,1099672.0
2024-09-17 00:00:00+00:00,64.66072102307798,65.09613087132247,64.57906452815487,65.01402820404661,626555.0
2024-09-18 00:00:00+00:00,64.96609296070456,65.24455036221926,64.54290917106515,64.82074357664531,822978.0
2024-09-19 00:00:00+00:00,64.59536378373576,65.06809192996846,63.750829699464745,64.22081679910603,1205856.0
2024-09-20 00:00:00+00:00,64.10653563632681,65.22387424835944,63.54663017297987,64.65914232695955,1019041.0
2024-09-23 00:00:00+00:00,64.65649214146943,65.271480324454,63.909151654447406,64.522868863174,884493.0
2024-09-24 00:00:00+00:00,64.63762188094971,65.31428921329635,64.30046238360843,64.9753679818089,1268309.0
2024-09-25 00:00:00+00:00,65.10415012139308,65.32693081140258,64.70011412794345,64.92227244851281,771315.0
2024-09-26 00:00:00+00:00,64.91184333168042,65.58536072112446,63.40107820937764,64.06581733601546,1073769.0
2024-09-27 00:00:00+00:00,64.04156809976703,64.19161838244172,63.821514849631946,63.971400729183735,882964.0
2024-09-30 00:00:00+00:00,63.865209542117604,64.10506342267185,63.75566532953838,63.99529608035578,809092.0
2024-10-01 00:00:00+00:00,64.04681465271564,64.94899292881526,63.81961642932863,64.71940876028594,1122826.0
2024-10-02 00:00:00+00:00,64.6873704892818,65.10256351195451,63.592578081636475,64.0033809477286,780188.0
2024-10-03 00:00:00+00:00,64.08098527543383,64.80918529996454,63.23039661068918,63.95718985554235,1608821.0
2024-10-04 00:00:00+00:00,64.18164873862679,64.76039857487523,62.068780382217405,62.63357062137748,864003.0
2024-10-07 00:00:00+00:00,62.62951523432784,63.56399515214537,62.178351260585885,63.10937441882758,1644531.0
2024-10-08 00:00:00+00:00,62.920662919573395,63.34433352952332,61.860716252267075,62.28007351120033,760718.0
2024-10-09 00:00:00+00:00,62.17293810747683,62.709340811529046,60.40368956282857,60.92936321083883,1163564.0
2024-10-10 00:00:00+00:00,60.75193406430813,61.3512025423839,60.27253244610827,60.87086244446688,740897.0
2024-10-11 00:00:00+00:00,60.725298571453536,61.958279517298266,60.43992459662464,61.668473164385205,715138.0
2024-10-14 00:00:00+00:00,61.829671585585835,61.9545694261389,60.41318605921353,60.53546957184588,1040734.0
2024-10-15 00:00:00+00:00,60.56291768017689,60.75733325866915,59.543535517319,59.73529430708614,1184582.0
2024-10-16 00:00:00+00:00,59.55395398156411,60.126255104342306,58.621262801983825,59.190067046933926,727191.0
2024-10-17 00:00:00+00:00,59.26749470858023,59.74038921930599,57.91282098016131,58.37862319754182,1344520.0
2024-10-18 00:00:00+00:00,58.52596672732703,59.20313296306869,57.95422927726362,58.63037554808573,819222.0
2024-10-21 00:00:00+00:00,58.58819156994195,58.675452863142326,57.96410826923406,58.05056882674747,1033350.0
2024-10-22 00:00:00+00:00,57.97213855137459,58.60455758065549,56.90808223253846,57.53574058914887,1099598.0
2024-10-23 00:00:00+00:00,57.49693113097538,58.2268893918216,57.19767293688684,57.925401110841925,1160291.0
2024-10-24 00:00:00+00:00,57.958382389168406,58.6068116035434,56.7462130035518,57.38826382157329,637977.0
2024-10-25 00:00:00+00:00,57.461764401357726,58.107492033066784,57.028519524314575,57.67265708693018,1498764.0
2024-10-28 00:00:00+00:00,57.809181597506885,58.21502754804401,56.58994720497914,56.99004243734501,1150790.0
2024-10-29 00:00:00+00:00,57.128408504200074,57.699626857943,55.591578428899055,56.1530442624677,899066.0
2024-10-30 00:00:00+00:00,56.28633026729715,56.72985217984374,54.483317337385955,54.91604172606374,774112.0
2024-10-31 00:00:00+00:00,55.065828299349064,56.61505704897562,54.60215805465806,56.14232241164995,654739.0
2024-11-01 00:00:00+00:00,56.2166352434821,56.37030993302124,55.76015079625688,55.91299545122342,711517.0
2024-11-04 00:00:00+00:00,55.742062119718376,56.49171284477983,55.31568956810007,56.06288630026498,1145951.0
2024-11-05 00:00:00+00:00,56.048203757819536,56.32404464864436,55.75225131854973,56.027992740979215,918266.0
2024-11-06 00:00:00+00:00,56.06318045837464,56.2243966799318,55.9605026990939,56.12161190549401,753611.0
2024-11-07 00:00:00+00:00,56.0786250498796,56.27944005295824,55.940385563184094,56.14104669060042,876574.0
2024-11-08 00:00:00+00:00,56.24345826231416,57.78758657465798,55.89037357541005,57.42707141155049,1478500.0
2024-11-11 00:00:00+00:00,57.38571424376067,57.60880420383788,56.480958974536975,56.701388582880696,920656.0
2024-11-12 00:00:00+00:00,56.59650342581495,57.129560512530745,55.11357017677837,55.637595742014646,864061.0
2024-11-13 00:00:00+00:00,55.798542733404275,55.929467502948796,54.823366483258795,54.95230565624686,1401652.0
2024-11-14 00:00:00+00:00,55.02555137218139,55.088941255572266,54.00337036604995,54.06565444035654,1122404.0
2024-11-15 00:00:00+00:00,54.08936783789134,55.19147020481222,53.44209248180129,54.5388163984151,1011132.0
2024-11-18 00:00:00+00:00,54.63999336505443,55.309244602476056,54.397244711790776,55.06460951052311,859035.0
2024-11-19 00:00:00+00:00,55.181749998180145,55.54637379700924,54.05985247837401,54.41943916489823,678343.0
2024-11-20 00:00:00+00:00,54.45656978146523,54.63684925598454,53.32846216811136,53.5055934179116,746294.0
2024-11-21 00:00:00+00:00,53.24324145314754,53.44055968590931,53.067709861135214,53.26495650401355,886818.0
2024-11-22 00:00:00+00:00,53.19303461921364,54.44183037708851,52.90444441304365,54.14805884146121,946574.0
2024-11-25 00:00:00+00:00,54.098635663338804,54.62273187298513,51.82653466229537,52.333530908135074,1093147.0
2024-11-26 00:00:00+00:00,52.2306188116128,52.727377591268976,52.15597987788711,52.6521362979228,1147908.0
2024-11-27 00:00:00+00:00,52.67306203777995,53.21087207501097,51.43325379417445,51.963822249807244,1057313.0
2024-11-28 00:00:00+00:00,52.08787284385177,53.22908365690007,51.46839483153804,52.60347363466538,1056649.0
2024-11-29 00:00:00+00:00,52.55248292800689,52.92827440306149,51.54321567745798,51.914444678552364,777337.0
2024-12-02 00:00:00+00:00,51.796749877284036,52.05366818118073,51.46745225098736,51.72400975485463,583513.0
2024-12-03 00:00:00+00:00,51.93423198934027,52.11980825717112,50.603312399048505,50.7847813420377,877903.0
2024-12-04 00:00:00+00:00,50.73894971504063,50.8917988248829,50.02898952767893,50.18015529108288,787779.0
2024-12-05 00:00:00+00:00,50.056566990967305,51.241310287408496,49.828474582592065,51.008878487902045,849458.0
2024-12-06 00:00:00+00:00,51.033131551737114,52.07117315630058,50.504008361809134,51.536827531156874,933664.0
2024-12-09 00:00:00+00:00,51.58072287356899,51.63415082231659,51.25895235295049,51.31210206094826,732786.0
2024-12-10 00:00:00+00:00,51.23979784670215,51.73404487513183,50.31191748682899,50.801941051683265,757579.0
2024-12-11 00:00:00+00:00,50.88231772076908,51.30676501989256,49.268362769453844,49.68280403173826,975233.0
2024-12-12 00:00:00+00:00,49.63440482913526,49.6944215808834,49.41109970268472,49.47091877094693,1029366.0
2024-12-13 00:00:00+00:00,49.37968454203792,49.56215947053296,49.29252810653569,49.47483509182023,848742.0
2024-12-16 00:00:00+00:00,49.49250975570425,49.94218307788682,48.997941896046534,49.44720358062242,1132663.0
2024-12-17 00:00:00+00:00,49.52348710354011,49.93972613121133,48.99849588765013,49.413813118502034,946614.0
2024-12-18 00:00:00+00:00,49.35121076921679,49.57074565517671,48.55804780599838,48.77501955173846,774933.0
2024-12-19 00:00:00+00:00,48.80728275351969,49.31849954412879,48.24747860660437,48.75818109709689,1010235.0
2024-12-20 00:00:00+00:00,48.749064984833346,48.91896611450882,48.587621346490664,48.75749455970789,1600960.0
2024-12-23 00:00:00+00:00,49.03369856174273,49.8229390260983,48.754402751845305,49.540755024009655,844736.0
2024-12-24 00:00:00+00:00,49.470599581899236,50.80063998617183,49.35854630320397,50.68583414296144,1338480.0
2024-12-25 00:00:00+00:00,50.826344327773604,51.238171815422156,50.21515907015808,50.625358038588466,1411205.0
2024-12-26 00:00:00+00:00,50.620058216830884,50.71913475522618,50.08631163683606,50.18453574517883,1454323.0
2024-12-27 00:00:00+00:00,50.17181437322472,50.32104048486492,50.01877360693632,50.1679883387959,814112.0
2024-12-30 00:00:00+00:00,50.240449592775704,50.714209648702486,49.35608641565602,49.82593768521444,1655070.0
2024-12-31 00:00:00+00:00,49.915105212907484,50.239684462786364,49.08495732600784,49.40622753477897,1029515.0
2025-01-01 00:00:00+00:00,49.531583221409726,49.941731668219276,48.984683121534225,49.393689735285335,938524.0
2025-01-02 00:00:00+00:00,49.42616705151482,49.874634638980254,48.358312224153515,48.80110835084757,944040.0
2025-01-03 00:00:00+00:00,48.74254350146871,49.55678010410774,48.368587789899635,49.179472249031924,1162291.0
2025-01-06 00:00:00+00:00,49.1266183674871,49.29633052719563,48.97062374459659,49.1402924840834,1012864.0
2025-01-07 00:00:00+00:00,49.19040703451582,49.7383058277998,48.76326495505328,49.31012419126981,956739.0
2025-01-08 00:00:00+00:00,49.367445972562216,49.47977253344116,49.112138759434664,49.224139252178325,1378364.0
2025-01-09 00:00:00+00:00,49.361967561751875,49.55783266223854,48.624681725850934,48.81838994544936,834694.0
2025-01-10 00:00:00+00:00,48.8592612471368,49.148972620932526,48.00160333203416,48.287926974768894,770446.0
2025-01-13 00:00:00+00:00,48.39042225415883,48.49972901707296,48.06349032542799,48.17230439255078,1219299.0
2025-01-14 00:00:00+00:00,48.318658978676496,48.42331222458306,47.77396797422779,47.87766607485959,1192318.0
2025-01-15 00:00:00+00:00,47.89344920666545,48.42652429217946,47.50192169391791,48.033849015202414,1314550.0
2025-01-16 00:00:00+00:00,47.89134661575608,48.4931518933233,47.452588491761304,48.05291356845561,764870.0
2025-01-17 00:00:00+00:00,47.93971171745928,48.18313036663884,47.05487880098646,47.29502398414875,1310420.0
2025-01-20 00:00:00+00:00,47.15921749841556,47.6048672190579,46.909820758190826,47.354438074609554,1128067.0
2025-01-21 00:00:00+00:00,47.50541597838099,47.66140528541022,46.46536542395074,46.61844225429233,1553707.0
2025-01-22 00:00:00+00:00,46.539499432726494,46.853078197650945,45.98373651052707,46.29567239180908,731929.0
2025-01-23 00:00:00+00:00,46.40987087558712,46.752563845788465,45.812399868506915,46.15319754912966,1056076.0
2025-01-24 00:00:00+00:00,46.20729603140083,46.72803708501267,44.5307209609514,45.03828767423443,932961.0
2025-01-27 00:00:00+00:00,45.193058564925316,45.25842492471894,45.04282153891978,45.10806496562659,672037.0
2025-01-28 00:00:00+00:00,45.19865104393154,45.70733615341724,44.70164781046022,45.21020586344035,836338.0
2025-01-29 00:00:00+00:00,45.20095044978429,45.73871177924045,44.60777195557129,45.14486604185065,1325469.0
2025-01-30 00:00:00+00:00,45.126808958283455,45.34382938490001,44.71969604630906,44.93579787692199,889372.0
2025-01-31 00:00:00+00:00,44.94345268774454,45.34721960700252,44.35285262372488,44.754925838997885,834728.0
2025-02-03 00:00:00+00:00,44.77061617054909,45.22160362091989,43.807659197799,44.25343695133269,1242425.0
2025-02-04 00:00:00+00:00,44.20648741073785,44.56731808266586,43.770091806339366,44.13030061176141,1280460.0
2025-02-05 00:00:00+00:00,44.12742091256004,44.31178309314528,43.675119452477055,43.858357499438966,1279790.0
2025-02-06 00:00:00+00:00,43.99974919108162,44.34523401865011,43.58149164050737,43.92640053644523,820843.0
2025-02-07 00:00:00+00:00,43.77711716314621,44.2431682075895,42.85459245576894,43.3157315909374,985602.0
2025-02-10 00:00:00+00:00,43.338130586055485,43.552544081117155,43.24376083967263,43.457913504756036,1293905.0
2025-02-11 00:00:00+00:00,43.379156402135074,43.825755155292434,43.106748046257735,43.552259761184146,848735.0
2025-02-12 00:00:00+00:00,43.56855458396083,43.622976042337704,43.443574433149905,43.49790764647471,829168.0
2025-02-13 00:00:00+00:00,43.571032981909546,44.01957768277799,42.84309384043338,43.28873238025264,1230054.0
2025-02-14 00:00:00+00:00,43.28374492421798,44.01314805803596,42.86980555455063,43.596220363614215,1477848.0
2025-02-17 00:00:00+00:00,43.66367110491264,43.72944480061876,42.688848646655956,42.753250911622445,749748.0
2025-02-18 00:00:00+00:00,42.61752520238258,43.40534123959768,42.22527672646612,43.009485193592575,522363.0
2025-02-19 00:00:00+00:00,43.104812744916416,43.5259548893993,42.73380412297634,43.15451844416511,695879.0
2025-02-20 00:00:00+00:00,43.102494323689534,43.4244895695921,42.9995326390697,43.321005912366445,776380.0
2025-02-21 00:00:00+00:00,43.374966178046094,43.83538580935366,43.08102042712209,43.54031948345728,966166.0
2025-02-24 00:00:00+00:00,43.55621007926584,43.93005119399312,42.84862933647953,43.21958117955327,1166447.0
2025-02-25 00:00:00+00:00,42.996664212983156,43.30679342682583,42.79499522831356,43.10461810168716,964037.0
2025-02-26 00:00:00+00:00,43.039487646465076,43.73927366728762,42.757885388122546,43.45495306801288,839386.0
2025-02-27 00:00:00+00:00,43.47412165609573,44.21258342785459,42.963941761772155,43.699755660994654,1039087.0
2025-02-28 00:00:00+00:00,43.835783685931666,44.18614120045631,43.47771258546523,43.828007952437545,786260.0
2025-03-03 00:00:00+00:00,43.85319598090458,44.13920330251663,42.77731479184103,43.058136795873644,988338.0
2025-03-04 00:00:00+00:00,43.08033432447974,43.431298748352326,43.00597887986458,43.35646670701622,851810.0
2025-03-05 00:00:00+00:00,43.23414161370396,44.091617596457944,43.13328129733045,43.98899629030514,1954405.0
2025-03-06 00:00:00+00:00,44.11508607064136,45.006672906472595,43.658121245416424,44.545252217828235,1226539.0
2025-03-07 00:00:00+00:00,44.70653689715751,45.11643255536239,44.28080282127175,44.69055191986265,811595.0
2025-03-10 00:00:00+00:00,44.69310606174336,45.148351975530865,43.435700431234245,43.88269142645153,779398.0
2025-03-11 00:00:00+00:00,43.863408602826674,44.72857251098956,43.54062036627331,44.401822121114314,896242.0
2025-03-12 00:00:00+00:00,44.25827713803099,44.668688582264295,43.93359383053325,44.34338094442368,662842.0
2025-03-13 00:00:00+00:00,44.4217890680047,44.72547205124435,42.741202687282474,43.03540788082333,833082.0
2025-03-14 00:00:00+00:00,43.2686249167016,43.6617592403986,42.85714081748977,43.25010688826448,831473.0
2025-03-17 00:00:00+00:00,43.31218182664469,43.51281753482355,42.3048004346686,42.50168164999897,1247300.0
2025-03-18 00:00:00+00:00,42.60923655952045,42.88465269716687,41.59382046647627,41.8644222989751,898840.0
2025-03-19 00:00:00+00:00,41.90983525508666,42.16831189801446,41.30899639053216,41.56534842958964,820668.0
2025-03-20 00:00:00+00:00,41.48354397766365,42.57349510552937,41.14014278666511,42.22396470436675,715255.0
2025-03-21 00:00:00+00:00,42.33699495748271,42.48002280575267,41.91332358957292,42.055400120830164,745158.0
2025-03-24 00:00:00+00:00,41.95168713222223,42.2652274776279,41.8981644542863,42.21137348741103,983548.0
2025-03-25 00:00:00+00:00,42.19359232351402,43.21067332268475,42.11029524088481,43.12553642929494,947638.0
2025-03-26 00:00:00+00:00,43.149594399453285,44.10887147297231,43.021368272507736,43.97818305834967,1327852.0
2025-03-27 00:00:00+00:00,44.05590918867567,44.515398741895666,43.48512685362785,43.94344342358393,854463.0
2025-03-28 00:00:00+00:00,43.98001832121514,44.37078989270413,43.446498525067135,43.835990378455065,1303165.0
2025-03-31 00:00:00+00:00,43.86991804806906,44.27570079894557,42.79759911156179,43.197159056322064,1066393.0
2025-04-01 00:00:00+00:00,43.131420885438416,43.38531475971938,42.605669106203166,42.8579532081499,998842.0
2025-04-02 00:00:00+00:00,42.747575947146714,43.18847815616042,42.656502971624846,43.09666145995594,605273.0
2025-04-03 00:00:00+00:00,43.10196100886201,43.586334359493264,42.83826298780563,43.32129445527388,724325.0
2025-04-04 00:00:00+00:00,43.25980502095585,43.85353578923853,42.805886136698504,43.39816511252944,1203648.0
2025-04-07 00:00:00+00:00,43.284802437996646,44.22913773464095,42.999092255378514,43.939108670047666,1418294.0
2025-04-08 00:00:00+00:00,43.82800026752908,44.176441904209064,43.20708074286052,43.55333876396943,1052967.0
2025-04-09 00:00:00+00:00,43.51066621946851,43.766405783990685,43.288060099871565,43.54363101230783,1210014.0
2025-04-10 00:00:00+00:00,43.38259351059143,44.06367774607703,43.26758826246605,43.94717581638169,903092.0
2025-04-11 00:00:00+00:00,43.828900372441886,44.62570518278921,43.4829626060189,44.27623662950429,911341.0
2025-04-14 00:00:00+00:00,44.13167771277563,45.15333926178727,43.852114417670386,44.869104549526256,847266.0
2025-04-15 00:00:00+00:00,44.8854631687294,45.32025687228229,44.669928189048726,45.10367406823997,1275929.0
2025-04-16 00:00:00+00:00,45.14049226286629,45.313999466004354,44.78394730124396,44.95674824467835,1089479.0
2025-04-17 00:00:00+00:00,45.13758001865233,45.563904804867484,44.74687342508113,45.17289254939348,943138.0
2025-04-18 00:00:00+00:00,45.037799450900046,45.240335630324246,44.45195191688271,44.652756548154315,921182.0
2025-04-21 00:00:00+00:00,44.59210602029168,44.91921728268717,43.48125216914978,43.802571698619516,1149269.0
2025-04-22 00:00:00+00:00,43.8825941574386,44.298921357770226,43.713332132229915,44.128710025187836,1084131.0
2025-04-23 00:00:00+00:00,44.10958227511978,44.52912954624861,43.69991330183704,44.11936967224265,812199.0
2025-04-24 00:00:00+00:00,44.090525219467516,44.52991396690043,43.864585550431066,44.302886065437264,1535716.0
2025-04-25 00:00:00+00:00,44.454587502484706,44.73302582964047,43.15699357309048,43.42900825340749,1066367.0
2025-04-28 00:00:00+00:00,43.39962491024379,43.8858470677876,42.7739657071623,43.25860799975078,1002623.0
2025-04-29 00:00:00+00:00,43.15869280446102,43.5429001401245,42.585162534630044,42.96766934112715,1446753.0
2025-04-30 00:00:00+00:00,42.85464656919614,43.24460880494289,42.156382993448645,42.54351403236166,1291758.0
2025-05-01 00:00:00+00:00,42.57208685524667,42.77357034172596,41.230292303897976,41.42635330802503,978248.0
2025-05-02 00:00:00+00:00,41.45165112219871,41.876269889741074,40.8559395670801,41.27878757021601,1143389.0
2025-05-05 00:00:00+00:00,41.16569834439824,41.96332599512844,40.94985245263628,41.744445533127674,765294.0
2025-05-06 00:00:00+00:00,41.662256907275484,42.452670764642946,41.167669081291244,41.95461228152919,851964.0
2025-05-07 00:00:00+00:00,41.999503604011416,42.45540381392492,41.21955481797601,41.67189891330613,568313.0
2025-05-08 00:00:00+00:00,41.72003830240999,42.06424410959682,41.339311891786416,41.683213883846726,1356749.0
2025-05-09 00:00:00+00:00,41.629625233269344,42.50939375294372,41.20724675989298,42.0824211653168,622132.0
2025-05-12 00:00:00+00:00,42.13482249203328,42.42911222799898,40.44512455565494,40.72959954300695,1185683.0
2025-05-13 00:00:00+00:00,40.776209008437206,41.14580252447826,40.31829651090543,40.687082185891136,812476.0
2025-05-14 00:00:00+00:00,40.54224381074448,41.06880209617206,40.44605663492384,40.97159627419351,782906.0
2025-05-15 00:00:00+00:00,40.9460327524814,41.81767471440122,40.459821465985755,41.32694036262395,952412.0
2025-05-16 00:00:00+00:00,41.36126635134304,42.6116611290032,40.955829836690086,42.19802246024965,1068871.0
2025-05-19 00:00:00+00:00,42.14968484395199,42.905820141933816,42.04149224305605,42.79596861707227,1165356.0
2025-05-20 00:00:00+00:00,42.61328432265004,43.13379108295853,42.45694648313403,42.97612207941962,1557229.0
2025-05-21 00:00:00+00:00,42.95180321222633,43.46762336672466,42.63719444909549,43.151551508687724,1093795.0
2025-05-22 00:00:00+00:00,43.21650832347742,43.989816682707406,42.81069384309021,43.580583440367555,1246449.0
2025-05-23 00:00:00+00:00,43.71855136578521,43.83385427928833,43.20468412784257,43.31893309170988,861033.0
2025-05-26 00:00:00+00:00,43.129543570938914,43.818590345209465,42.63066352459317,43.31753579017937,1195340.0
2025-05-27 00:00:00+00:00,43.544533773934376,44.02141634104908,43.335286843088845,43.81088947657102,1039061.0
2025-05-28 00:00:00+00:00,43.7122390204131,45.408335609434346,43.19010857307728,44.87234798556158,890657.0
2025-05-29 00:00:00+00:00,44.95831328546061,45.37545645624371,44.391090423788334,44.80682804734475,976291.0
2025-05-30 00:00:00+00:00,44.917565664717216,45.20237628000382,44.51689603140335,44.800967326919654,984606.0
2025-06-02 00:00:00+00:00,44.889134219991796,45.15219036756633,44.665150659919775,44.92801281475604,1048940.0
2025-06-03 00:00:00+00:00,44.9414589483798,45.77276161100928,44.848817824597994,45.67860096235758,1105555.0
2025-06-04 00:00:00+00:00,45.57262022997511,45.772393700459205,45.4829832032954,45.68254047107852,880538.0
2025-06-05 00:00:00+00:00,45.73982194817498,46.88469281018044,45.37738023853942,46.5160998850263,830944.0
2025-06-06 00:00:00+00:00,46.449607737970126,46.8912845147787,45.56292664024951,46.00033136939107,1205468.0
2025-06-09 00:00:00+00:00,45.768826270547784,46.42273199249024,45.266148943494144,45.918411773388435,654334.0
2025-06-10 00:00:00+00:00,46.17894516561506,46.41052714928007,45.60013529454157,45.82996719468968,856799.0
2025-06-11 00:00:00+00:00,45.894917760334856,46.80905466335458,45.375665765030135,46.28538494869118,1474257.0
2025-06-12 00:00:00+00:00,46.45399210324783,47.09071888529058,46.25583672800383,46.89070067443487,508241.0
2025-06-13 00:00:00+00:00,46.80528530031126,47.33599685302528,45.547355295271764,46.06972656080991,840916.0
2025-06-16 00:00:00+00:00,46.20514009094407,46.71834933367374,45.080748699785055,45.58709317839242,1187595.0
2025-06-17 00:00:00+00:00,45.7322789092883,45.916209232847045,45.6085736856915,45.792341540608525,661940.0
2025-06-18 00:00:00+00:00,45.93493602146068,46.415816659857846,44.976432087824826,45.45225971624979,1914651.0
2025-06-19 00:00:00+00:00,45.450332005600174,45.84759525855368,44.259249590711065,44.649513205432186,523561.0
2025-06-20 00:00:00+00:00,44.54226353098398,45.624466604011275,44.15355143553732,45.22975489855592,1432097.0
2025-06-23 00:00:00+00:00,45.213718112661866,45.985458275830254,44.750524541088744,45.51913584128264,1475999.0
2025-06-24 00:00:00+00:00,45.319040635422205,46.12617248457558,45.00618947442254,45.80993254697558,1257453.0
2025-06-25 00:00:00+00:00,45.654259509229384,45.9544110659265,45.27022048760144,45.569816880624906,946110.0
2025-06-26 00:00:00+00:00,45.578196917894196,46.38923981959188,45.348604566769204,46.15673319119878,1093403.0
2025-06-27 00:00:00+00:00,46.06530443454083,46.54980788362803,45.56044353953709,46.04473059811451,799065.0
2025-06-30 00:00:00+00:00,46.029589265881235,47.18488106502472,45.52731068892389,46.67555367255278,1224253.0
2025-07-01 00:00:00+00:00,46.66537953407798,46.79445563435268,46.06073007043027,46.18848708967341,755809.0
2025-07-02 00:00:00+00:00,46.367186610333434,46.80739022853521,45.303836942738386,45.73806779443691,933823.0
2025-07-03 00:00:00+00:00,45.85692382250387,46.05606350992799,45.672091779301,45.871174029490916,1282822.0
2025-07-04 00:00:00+00:00,45.867057497978514,46.0056874798216,45.369129655556094,45.506670392511616,756861.0
2025-07-07 00:00:00+00:00,45.61682949541444,46.04313208178083,45.47225641021711,45.89766893419734,912956.0
2025-07-08 00:00:00+00:00,45.82615068085551,46.3984095938361,45.49132824182671,46.061864941128725,1041921.0
2025-07-09 00:00:00+00:00,46.03083918434181,46.218528643474855,45.38918772118844,45.575018584576824,715018.0
2025-07-10 00:00:00+00:00,45.658061128684906,45.82540097726559,45.468160684997365,45.63541754332282,1337889.0
2025-07-11 00:00:00+00:00,45.522230743268764,45.617074292000105,45.36918609496823,45.463908131123915,1088928.0
2025-07-14 00:00:00+00:00,45.438548098338664,46.19724621592336,45.230810670612584,45.98700135182715,684616.0
2025-07-15 00:00:00+00:00,45.86567819087001,46.30209155166716,45.2253401748706,45.659794546358576,988326.0
2025-07-16 00:00:00+00:00,45.67052333865887,45.72704449896143,45.384004207762786,45.44024037329304,823795.0
2025-07-17 00:00:00+00:00,45.588846660074694,46.417305356458165,45.301214642297964,46.126282514596454,848412.0
2025-07-18 00:00:00+00:00,46.056951803910536,47.76522806498403,45.70549726558494,47.40349820824646,1019371.0
2025-07-21 00:00:00+00:00,47.424918002734216,48.65131069117736,47.35160803180319,48.57622102310586,837426.0
2025-07-22 00:00:00+00:00,48.48912218812949,48.8408750572805,48.2838340427766,48.63496943917658,1272684.0
2025-07-23 00:00:00+00:00,48.523281323882046,49.320043228227064,47.990920867114156,48.784813440424195,838480.0
2025-07-24 00:00:00+00:00,48.664380961577926,50.30666543930634,48.08343988833098,49.71320382703141,1278168.0
2025-07-25 00:00:00+00:00,49.858055221197226,50.37425464265953,49.147206120253344,49.6613691762343,989120.0
2025-07-28 00:00:00+00:00,49.89656794070499,50.03960539931109,48.96424632630632,49.10501465549249,1238551.0
2025-07-29 00:00:00+00:00,49.15247731479634,49.65879101400384,48.690162645447366,49.19606635811401,873424.0
2025-07-30 00:00:00+00:00,49.125639223736954,49.78051810839556,48.83287384841642,49.48560749390088,881332.0
2025-07-31 00:00:00+00:00,49.555420674550824,49.69799596792097,48.8767019237752,49.017730234571516,749674.0
2025-08-01 00:00:00+00:00,48.98496562892004,49.29306804641936,47.77811562235579,48.080529376152406,1155456.0
2025-08-04 00:00:00+00:00,48.15765448115473,48.69469349321442,46.75270966005707,47.2799609095342,1264212.0
2025-08-05 00:00:00+00:00,47.30748525384438,48.18824769145605,46.80367097950346,47.68046130451378,1698588.0
2025-08-06 00:00:00+00:00,47.70714161229395,47.96031791337042,47.0189242021184,47.269779472737326,1380757.0
2025-08-07 00:00:00+00:00,47.327225962364864,47.40753430878712,47.130799237672335,47.210910210902455,1064436.0
2025-08-08 00:00:00+00:00,47.15622506259303,47.86922253579826,46.64193521907378,47.35278894963267,948624.0
2025-08-11 00:00:00+00:00,47.31450854271217,48.292916696787465,46.75387231276432,47.72738819805103,1102054.0
2025-08-12 00:00:00+00:00,47.563369563459695,47.87849291566604,47.24227713130267,47.557360672581964,993090.0
2025-08-13 00:00:00+00:00,47.515350949334234,48.03083540300171,47.350088785328055,47.86435936002684,1441767.0
2025-08-14 00:00:00+00:00,47.728394752605936,48.06162108121332,47.046394572707065,47.37716873933581,1266157.0
2025-08-15 00:00:00+00:00,47.36346155144318,47.77358219464253,46.7845563558414,47.193202726329716,811241.0
2025-08-18 00:00:00+00:00,47.1029018857503,47.39985175276965,46.3435743682466,46.63759078394401,842057.0
2025-08-19 00:00:00+00:00,46.64703439886702,47.52729908927308,46.41948872196512,47.29658488500487,1407508.0
2025-08-20 00:00:00+00:00,47.33947766542004,47.515846920250034,47.126265907294695,47.302497387387795,1080064.0
2025-08-21 00:00:00+00:00,47.168337312911575,47.36953202128488,46.70572830829392,46.905803187565844,943707.0
2025-08-22 00:00:00+00:00,46.82957018481817,46.902063650888806,46.65656818803911,46.728905822901474,1345256.0
2025-08-25 00:00:00+00:00,46.64082906683343,46.818335478271315,46.44826549808836,46.625714385832126,907648.0
2025-08-26 00:00:00+00:00,46.695377954745446,47.580709834749385,46.15910807455621,47.04047669167604,932446.0
2025-08-27 00:00:00+00:00,47.20128710273312,47.2526927571439,46.11882124001907,46.16910277018782,891105.0
2025-08-28 00:00:00+00:00,46.24779912701103,46.664128858163956,45.207880390054385,45.61854548408006,612370.0
2025-08-29 00:00:00+00:00,45.586676654456845,46.02786649107335,44.99277250925847,45.43246992646383,1241182.0
2025-09-01 00:00:00+00:00,45.56578285285726,47.110773844925816,45.31736685246823,46.85532749190159,739138.0
2025-09-02 00:00:00+00:00,46.713654081273845,47.7749847250707,46.36107583328652,47.41709713606319,867471.0
2025-09-03 00:00:00+00:00,47.5595009564655,47.72261613691864,47.212554391204925,47.37503691393503,830300.0
2025-09-04 00:00:00+00:00,47.312901352597976,48.20213328482094,46.917909715056055,47.80304964549275,1199312.0
2025-09-05 00:00:00+00:00,47.53797432643078,49.45070831920632,47.12030172270099,49.020014387998486,983000.0
2025-09-08 00:00:00+00:00,49.28058948426487,49.728069657337585,48.460644537140055,48.90471164469415,1003862.0
2025-09-09 00:00:00+00:00,49.05930098876586,49.37372178314153,48.39987175346819,48.71206712790994,657136.0
2025-09-10 00:00:00+00:00,48.611640413479236,50.025209077389434,48.044120167077025,49.44792555727679,978378.0
2025-09-11 00:00:00+00:00,49.46464263649801,50.28841008484364,48.94380613218119,49.76441711395593,691368.0
2025-09-12 00:00:00+00:00,49.74307281219903,50.55575335442196,49.38009572157294,50.18951853242768,1079825.0
2025-09-15 00:00:00+00:00,50.19978040717176,50.62677920453892,49.482306943651515,49.90681376992321,1096015.0
2025-09-16 00:00:00+00:00,49.75898095673593,51.30111875234811,49.55881800789045,51.09557913725885,995660.0
2025-09-17 00:00:00+00:00,51.02598391731076,52.77189263507762,50.445312943506956,52.17811056664991,1666600.0
2025-09-18 00:00:00+00:00,52.22696809762061,52.9828568606717,51.804109082334406,52.557323104765764,1141031.0
2025-09-19 00:00:00+00:00,52.580736947668946,53.58942259453051,52.01054278195627,53.01452436664943,1160622.0
2025-09-22 00:00:00+00:00,53.14183109517151,53.36369127219573,51.54757575087186,51.76368233753168,1036218.0
2025-09-23 00:00:00+00:00,51.771939329995035,52.800906107855226,51.160709803988304,52.184802242475335,952953.0
2025-09-24 00:00:00+00:00,52.43056648325281,52.54381039870953,51.97432180936516,52.086823279547865,1273131.0
2025-09-25 00:00:00+00:00,52.01231625303291,52.740278853536545,51.656872408908484,52.38230655491015,1317008.0
2025-09-26 00:00:00+00:00,52.40948245960315,52.9538687046028,52.29338515328893,52.83682475110587,722318.0
2025-09-29 00:00:00+00:00,52.634708012768236,52.807107517371,52.47218961918728,52.64455870813378,1301637.0
2025-09-30 00:00:00+00:00,52.51278262894933,53.00669988960718,51.12516966490399,51.610601316916714,1137071.0
2025-10-01 00:00:00+00:00,51.747915709283625,51.951840943819015,51.6585447125692,51.86227244783211,1271472.0
2025-10-02 00:00:00+00:00,51.76457280029475,52.03425656773869,51.15813707625028,51.42605724078029,1123608.0
2025-10-03 00:00:00+00:00,51.4806672795947,51.64068008056437,51.08646621459294,51.245748839370144,732664.0
2025-10-06 00:00:00+00:00,51.23941824274173,51.769899193666035,50.37130141819801,50.8982502619856,745851.0
2025-10-07 00:00:00+00:00,50.792029824546006,50.888846060286596,50.6162011795558,50.71286651970885,1577983.0
2025-10-08 00:00:00+00:00,50.67755737960378,50.915860779148055,49.11684089795143,49.348896474457064,1065140.0
2025-10-09 00:00:00+00:00,49.2981688399846,50.61933161588052,48.784546918747786,50.097382937486245,701655.0
2025-10-10 00:00:00+00:00,50.04857521948088,50.70267044105575,49.620356956275835,50.27253595789817,1090933.0
2025-10-13 00:00:00+00:00,50.348364680455134,51.41574151383651,49.90849066858914,50.97043273615339,913446.0
2025-10-14 00:00:00+00:00,51.03697670477299,52.840957672681256,50.42947991770743,52.21938657627548,630745.0
2025-10-15 00:00:00+00:00,52.1591157535533,52.32277636494777,52.09351903033808,52.25705646882407,564087.0
2025-10-16 00:00:00+00:00,52.16233736987721,52.595962905055785,50.73662074556619,51.16192989291657,669873.0
2025-10-17 00:00:00+00:00,51.1908278969637,51.66150365843689,50.17324882698709,50.63884940393611,1070310.0
2025-10-20 00:00:00+00:00,50.62872108621033,51.096019799517734,49.47232536490659,49.933204520515126,988054.0
2025-10-21 00:00:00+00:00,50.03600106517278,50.47903163139163,49.21606227549922,49.65572579469568,939611.0
2025-10-22 00:00:00+00:00,49.92012829846051,50.00970185038478,49.636355231069544,49.72557969716745,1073763.0
2025-10-23 00:00:00+00:00,49.80948021137525,49.90527993129114,48.47353895744386,48.56694888826265,1162163.0
2025-10-24 00:00:00+00:00,48.56357551882274,49.25244023995528,48.102181635834945,48.78890553659455,591185.0
2025-10-27 00:00:00+00:00,48.772120750394706,49.14910363529623,47.563666429076996,47.93417241330959,927477.0
2025-10-28 00:00:00+00:00,47.85211288594779,48.31436438683015,47.665996150136735,48.12717780932168,813037.0
2025-10-29 00:00:00+00:00,48.039985683323884,48.13861869203179,47.987036283440375,48.08561899537043,734696.0
2025-10-30 00:00:00+00:00,47.9892160480732,48.31880780101,47.59738604780822,47.92654739002861,872144.0
2025-10-31 00:00:00+00:00,47.88866826729685,48.001666750818984,47.79314658464713,47.906110277263586,969749.0
2025-11-03 00:00:00+00:00,47.865202191338625,48.30710328401788,47.17861146567084,47.618232484764334,935580.0
2025-11-04 00:00:00+00:00,47.68911547293215,47.91554058241627,47.06627983875284,47.29081383553838,695123.0
2025-11-05 00:00:00+00:00,47.25309091267138,47.72005845544788,45.908099954997276,46.36630403529766,886222.0
2025-11-06 00:00:00+00:00,46.34799762296357,46.46579609320498,46.25293263322814,46.370684569973065,1655260.0
2025-11-07 00:00:00+00:00,46.257837703090956,47.73557823116312,45.960226948275704,47.430423368746446,768251.0
2025-11-10 00:00:00+00:00,47.586686050376386,48.694935218787606,47.48687703149859,48.59301550962368,655883.0
2025-11-11 00:00:00+00:00,48.642312495230144,49.8655281053632,48.17612645127525,49.39215559411422,1071233.0
2025-11-12 00:00:00+00:00,49.569184691707,50.19149256419299,49.21427854286446,49.83468547906229,1160855.0
2025-11-13 00:00:00+00:00,49.9141739110563,50.09294468409865,49.2769035389015,49.45402626402222,1123008.0
2025-11-14 00:00:00+00:00,49.60158295160499,50.923841005870386,49.02663199124173,50.34032698030858,755837.0
2025-11-17 00:00:00+00:00,50.31531530934874,50.7569706437361,49.88753728679991,50.32907563168926,1283414.0
2025-11-18 00:00:00+00:00,50.40131550800002,50.63818974057278,50.07368431136554,50.3101299936412,821739.0
2025-11-19 00:00:00+00:00,50.583096594799805,51.1095986694863,49.63511353337592,50.15718241367344,752978.0
2025-11-20 00:00:00+00:00,50.0345943831659,50.49537267061065,49.77542492678103,50.23516430110496,858886.0
2025-11-21 00:00:00+00:00,50.3534835502352,50.92585738780123,49.42767412521239,49.99598422686148,973191.0
2025-11-24 00:00:00+00:00,50.16605361648447,50.380176047325,49.754946821188824,49.96822486483644,1195450.0
